id	barcode-sequence	sample list	species
barcode08_concatenated	CACAAAGACACCGACAACTTTCTT	1	Apodemus agrarius
barcode12_concatenated	CACAAAGACACCGACAACTTTCTT	1	Apodemus agrarius
barcode10_concatenated	CACAAAGACACCGACAACTTTCTT	1	Apodemus agrarius
barcode09_concatenated	CACAAAGACACCGACAACTTTCTT	1	Apodemus agrarius
barcode05_concatenated	CACAAAGACACCGACAACTTTCTT	1	Apodemus agrarius
barcode16_concatenated	CACAAAGACACCGACAACTTTCTT	1	Apodemus agrarius
barcode06_concatenated	CACAAAGACACCGACAACTTTCTT	1	Apodemus agrarius
barcode13_concatenated	CACAAAGACACCGACAACTTTCTT	1	Apodemus agrarius
barcode17_concatenated	CACAAAGACACCGACAACTTTCTT	1	Apodemus agrarius
barcode15_concatenated	CACAAAGACACCGACAACTTTCTT	1	Apodemus agrarius
barcode11_concatenated	CACAAAGACACCGACAACTTTCTT	1	Apodemus agrarius
barcode14_concatenated	CACAAAGACACCGACAACTTTCTT	1	Apodemus agrarius
barcode04_concatenated	CACAAAGACACCGACAACTTTCTT	1	Apodemus agrarius
barcode07_concatenated	CACAAAGACACCGACAACTTTCTT	1	Apodemus agrarius
